{
  "affine_q20": [
    706443,
    592295,
    276633283,
    -943024,
    376644,
    138205937
  ],
  "blob_crc32": 3355107784,
  "blob_size": 640,
  "fit_max_error_deg": 4.962158203124973,
  "forward_angle_sign": 1,
  "forward_sign_tests": null,
  "sweep_delta_deg": 7.6190185546875
}